Model_Results,KNC - No diagnosis,KNC - No Medication (Except Insulin),"KNC - Only Insulin, No Diagnosis",KNC,LR - No diagnosis,LR - No Medication (Except Insulin),"LR - Only Insulin, No Diagnosis",LR,DTC - No diagnosis,DTC - No Medication (Except Insulin),"DTC - Only Insulin, No Diagnosis",DTC
Accuracy Score - Threshold - 0.13,0.6395616690799,0.6670396209029881,0.6074437277872845,0.6241279452415427,0.6984006844807161,0.6958996972489141,0.7002764249045675,0.6951757272607608,0.6418981176780308,0.5533434250361985,0.6334737396340661,0.5716730288271686
Recall Score - Threshold - 0.13,0.47596579180182835,0.4541433205544087,0.5381893246829844,0.5095841934532587,0.45738720141551165,0.45591271011501033,0.45296372751400765,0.4591565909761132,0.5258035977587733,0.6667649660867001,0.5352403420819817,0.6408139191978768
Precision Score - Threshold - 0.13,0.1495829471733086,0.15703069236259815,0.1497374466688546,0.1504309219117263,0.17474087426768814,0.17289197047640348,0.17476390943224485,0.17326953038059204,0.16125531337614182,0.1537676822633297,0.15953238990946647,0.15553646839882615
Accuracy Score - Threshold - 0.2,0.8011056996182704,0.8071936290641043,0.8083453994998026,0.810484401737528,0.8372712912991971,0.8381927076477557,0.8395748321705937,0.8385876003685665,0.8659668290114519,0.8632354876925102,0.8497762274582071,0.8618533631696722
Recall Score - Threshold - 0.2,0.2087879681509879,0.1961073429666765,0.17752875258035977,0.20672368033028604,0.13329401356531997,0.13565319964612207,0.12739604836331467,0.14361545266882925,0.06812149808316131,0.08522559716897671,0.11707460925980537,0.08758478324977882
Precision Score - Threshold - 0.2,0.17399852543622513,0.17509215376513954,0.16552103381908165,0.18594164456233422,0.1838893409275834,0.18806214227309895,0.1839863713798978,0.19573954983922828,0.20192307692307693,0.21518987341772153,0.20172764227642276,0.21199143468950749
