KNC - No diagnosis,KNC - No Medication (Except Insulin),"KNC - Only Insulin, No Diagnosis",KNC,LR - No diagnosis,LR - No Medication (Except Insulin),"LR - Only Insulin, No Diagnosis",LR,DTC - No diagnosis,DTC - No Medication (Except Insulin),DTC - No Medication (Except Insulin),DTC
0.8248353096179183,0.547463768115942,0.40421607378129115,0.5542490118577075,0.25490777338603426,0.2678524374176548,0.252536231884058,0.266501976284585,0.7180500658761528,0.7043478260869566,0.7012845849802372,0.7099472990777339
0.9155503785672685,0.5560720511330621,0.7366753097090176,0.539895165987187,0.9080023364485982,0.9061592097617664,0.9049265341400173,0.8980780430984275,0.28942757009345793,0.3053457292271935,0.3013540766349755,0.3101339545719278
0.38472834067547723,0.13550442477876107,0.12959302620242258,0.13427971318896212,0.12232933307102105,0.1246403452685422,0.12315715181932246,0.12334519857617086,0.1392245012644001,0.13763750654793086,0.13602080624187257,0.1419621434284191
0.8289855072463768,0.547463768115942,0.4237812911725955,0.5542490118577075,0.3616930171277997,0.36930171277997365,0.3489459815546772,0.3765810276679842,0.7180500658761528,0.7043478260869566,0.7012845849802372,0.7106719367588933
0.905940594059406,0.5560720511330621,0.7144915010083549,0.539895165987187,0.8049065420560748,0.8062173155142359,0.8130221838087006,0.7949912638322656,0.28942757009345793,0.3053457292271935,0.3013540766349755,0.30838672102504366
0.3898496240601504,0.13550442477876107,0.13064320708001897,0.13427971318896212,0.12838309964130992,0.1305513737297704,0.12862938146679428,0.13029160502076076,0.1392245012644001,0.13763750654793086,0.13602080624187257,0.14180503481521156
